val_loss,val_accuracy,loss,accuracy,lr
0.00201400532387197,1.0,0.026999470004811885,0.9925000071525574,9.999999747378752e-06
0.002104358747601509,1.0,0.008545185731491075,0.9987499713897705,9.999999747378752e-06
0.0012480851728469133,1.0,0.006610454318579286,0.9993749856948853,9.999999747378752e-06
0.0021706419065594673,1.0,0.00465824490529485,0.9993749856948853,9.999999747378752e-06
0.009321106597781181,1.0,0.004122288349317387,1.0,9.999999974752427e-07
0.005872732028365135,1.0,0.003144920964841731,1.0,9.999999974752427e-07
