val_loss,val_accuracy,loss,accuracy,lr
0.5938705801963806,0.75,0.5586758852005005,0.71875,9.999999747378752e-06
