,f1-score,precision,recall,support
hand,0.8837209302325583,0.8260869565217391,0.95,20.0
print,0.8648648648648648,0.9411764705882353,0.8,20.0
accuracy,0.875,0.875,0.875,0.875
macro avg,0.8742928975487115,0.8836317135549872,0.875,40.0
weighted avg,0.8742928975487114,0.8836317135549873,0.875,40.0
