,metrics,values
0,acc_score,0.825
1,f1_score,0.8222222222222222
2,precision,0.8466666666666667
3,recall,0.825
