,f1-score,precision,recall,support
hand,0.8444444444444444,0.76,0.95,20.0
print,0.8,0.9333333333333333,0.7,20.0
accuracy,0.825,0.825,0.825,0.825
macro avg,0.8222222222222222,0.8466666666666667,0.825,40.0
weighted avg,0.8222222222222222,0.8466666666666667,0.825,40.0
