,precision,recall,f1-score,support
dog,0.2631578947368421,0.25,0.25641025641025644,20.0
frog,0.2857142857142857,0.3,0.2926829268292683,20.0
giraffe,0.22727272727272727,0.25,0.23809523809523808,20.0
horse,0.21052631578947367,0.2,0.20512820512820512,20.0
tiger,0.15789473684210525,0.15,0.15384615384615385,20.0
accuracy,0.23,0.23,0.23,0.23
macro avg,0.22891319207108682,0.22999999999999998,0.22923255606182433,100.0
weighted avg,0.2289131920710868,0.23,0.22923255606182436,100.0
