,precision,recall,f1-score,support
handwritten,0.5333333333333333,0.5333333333333333,0.5333333333333333,15.0
printed,0.5333333333333333,0.5333333333333333,0.5333333333333333,15.0
accuracy,0.5333333333333333,0.5333333333333333,0.5333333333333333,0.5333333333333333
macro avg,0.5333333333333333,0.5333333333333333,0.5333333333333333,30.0
weighted avg,0.5333333333333333,0.5333333333333333,0.5333333333333333,30.0
