,metrics,values
0,acc_score,0.37777777777777777
1,f1_score,0.3754014884449668
2,precision,0.40606060606060607
3,recall,0.37777777777777777
