f1-score,precision,recall,support
0.3478260869565218,0.5,0.26666666666666666,15.0
0.3783783783783784,0.3181818181818182,0.4666666666666667,15.0
0.4000000000000001,0.4,0.4,15.0
0.37777777777777777,0.37777777777777777,0.37777777777777777,0.37777777777777777
0.3754014884449668,0.40606060606060607,0.37777777777777777,45.0
0.3754014884449668,0.40606060606060607,0.37777777777777777,45.0
