,metrics,values
0,acc_score,0.23
1,f1_score,0.22923255606182433
2,precision,0.22891319207108682
3,recall,0.22999999999999998
