f1-score,precision,recall,support
0.28571428571428575,0.3076923076923077,0.26666666666666666,15.0
0.25,0.23529411764705882,0.26666666666666666,15.0
0.3333333333333333,0.3333333333333333,0.3333333333333333,15.0
0.28888888888888886,0.28888888888888886,0.28888888888888886,0.28888888888888886
0.2896825396825397,0.2921065862242333,0.2888888888888889,45.0
0.2896825396825397,0.29210658622423324,0.28888888888888886,45.0
