,precision,recall,f1-score,support
hand,0.5238095238095238,0.55,0.5365853658536585,20.0
print,0.5263157894736842,0.5,0.5128205128205129,20.0
accuracy,0.525,0.525,0.525,0.525
macro avg,0.525062656641604,0.525,0.5247029393370857,40.0
weighted avg,0.525062656641604,0.525,0.5247029393370857,40.0
