,precision,recall,f1-score,support
dog,0.17647058823529413,0.2,0.18750000000000003,30.0
frog,0.14285714285714285,0.13333333333333333,0.1379310344827586,30.0
giraffe,0.2,0.2,0.20000000000000004,30.0
horse,0.2857142857142857,0.26666666666666666,0.2758620689655172,30.0
tiger,0.03333333333333333,0.03333333333333333,0.03333333333333333,30.0
accuracy,0.16666666666666666,0.16666666666666666,0.16666666666666666,0.16666666666666666
macro avg,0.16767507002801119,0.16666666666666669,0.1669252873563218,150.0
weighted avg,0.1676750700280112,0.16666666666666666,0.16692528735632184,150.0
