,precision,recall,f1-score,support
handwritten,0.3333333333333333,0.2,0.25,15.0
printed,0.3333333333333333,0.4666666666666667,0.3888888888888889,15.0
random,0.3333333333333333,0.3333333333333333,0.3333333333333333,15.0
accuracy,0.3333333333333333,0.3333333333333333,0.3333333333333333,0.3333333333333333
macro avg,0.3333333333333333,0.3333333333333333,0.324074074074074,45.0
weighted avg,0.3333333333333333,0.3333333333333333,0.32407407407407407,45.0
