,precision,recall,f1-score,support
handwritten,0.16666666666666666,0.13333333333333333,0.14814814814814814,15.0
printed,0.2222222222222222,0.26666666666666666,0.2424242424242424,15.0
random,0.26666666666666666,0.26666666666666666,0.26666666666666666,15.0
accuracy,0.2222222222222222,0.2222222222222222,0.2222222222222222,0.2222222222222222
macro avg,0.21851851851851847,0.22222222222222224,0.2190796857463524,45.0
weighted avg,0.2185185185185185,0.2222222222222222,0.2190796857463524,45.0
