,metrics,values
0,acc_score,0.16666666666666666
1,f1_score,0.1669252873563218
2,precision,0.16767507002801119
3,recall,0.16666666666666669
