,metrics,values
0,acc_score,0.2222222222222222
1,f1_score,0.2190796857463524
2,precision,0.21851851851851847
3,recall,0.22222222222222224
