,precision,recall,f1-score,support
dog,0.2631578947368421,0.25,0.25641025641025644,20.0
frog,0.3,0.3,0.3,20.0
giraffe,0.25,0.25,0.25,20.0
horse,0.19047619047619047,0.2,0.1951219512195122,20.0
tiger,0.15,0.15,0.15,20.0
accuracy,0.23,0.23,0.23,0.23
macro avg,0.2307268170426065,0.22999999999999998,0.2303064415259537,100.0
weighted avg,0.23072681704260653,0.23,0.23030644152595373,100.0
