,metrics,values
0,acc_score,0.425
1,f1_score,0.4246404002501563
2,precision,0.424812030075188
3,recall,0.42500000000000004
