,metrics,values
0,acc_score,0.19333333333333333
1,f1_score,0.1933555617301102
2,precision,0.19342232109751575
3,recall,0.1933333333333333
