,metrics,values
0,acc_score,0.22666666666666666
1,f1_score,0.22743047830923252
2,precision,0.22839285714285715
3,recall,0.22666666666666666
