,metrics,values
0,acc_score,0.6
1,f1_score,0.5833333333333333
2,precision,0.6190476190476191
3,recall,0.6000000000000001
