,f1-score,precision,recall,support
handwritten,0.5,0.6666666666666666,0.4,15.0
printed,0.6666666666666666,0.5714285714285714,0.8,15.0
accuracy,0.6,0.6,0.6,0.6
macro avg,0.5833333333333333,0.6190476190476191,0.6000000000000001,30.0
weighted avg,0.5833333333333334,0.619047619047619,0.6,30.0
