,metrics,values
0,acc_score,0.3333333333333333
1,f1_score,0.3333333333333333
2,precision,0.3333333333333333
3,recall,0.3333333333333333
