,metrics,values
0,acc_score,0.37777777777777777
1,f1_score,0.3803571428571429
2,precision,0.38521870286576165
3,recall,0.37777777777777777
