f1-score,precision,recall,support
0.6428571428571429,0.6923076923076923,0.6,15.0
0.6875,0.6470588235294118,0.7333333333333333,15.0
0.6666666666666666,0.6666666666666666,0.6666666666666666,0.6666666666666666
0.6651785714285714,0.6696832579185521,0.6666666666666666,30.0
0.6651785714285715,0.669683257918552,0.6666666666666666,30.0
