,precision,recall,f1-score,support
hand,0.42857142857142855,0.45,0.4390243902439024,20.0
print,0.42105263157894735,0.4,0.41025641025641024,20.0
accuracy,0.425,0.425,0.425,0.425
macro avg,0.424812030075188,0.42500000000000004,0.4246404002501563,40.0
weighted avg,0.424812030075188,0.425,0.42464040025015637,40.0
