,precision,recall,f1-score,support
dog,0.15625,0.16666666666666666,0.16129032258064516,30.0
frog,0.2857142857142857,0.26666666666666666,0.2758620689655172,30.0
giraffe,0.2,0.2,0.20000000000000004,30.0
horse,0.26666666666666666,0.26666666666666666,0.26666666666666666,30.0
tiger,0.23333333333333334,0.23333333333333334,0.23333333333333334,30.0
accuracy,0.22666666666666666,0.22666666666666666,0.22666666666666666,0.22666666666666666
macro avg,0.22839285714285715,0.22666666666666666,0.22743047830923252,150.0
weighted avg,0.22839285714285712,0.22666666666666666,0.22743047830923246,150.0
