,metrics,values
0,acc_score,0.6666666666666666
1,f1_score,0.6651785714285714
2,precision,0.6696832579185521
3,recall,0.6666666666666666
