f1-score,precision,recall,support
0.6206896551724138,0.6428571428571429,0.6,15.0
0.6451612903225806,0.625,0.6666666666666666,15.0
0.6333333333333333,0.6333333333333333,0.6333333333333333,0.6333333333333333
0.6329254727474972,0.6339285714285714,0.6333333333333333,30.0
0.6329254727474972,0.6339285714285715,0.6333333333333333,30.0
