,metrics,values
0,acc_score,0.26666666666666666
1,f1_score,0.2703703703703704
2,precision,0.29417989417989415
3,recall,0.26666666666666666
