precision,recall,f1-score,support
0.5789473684210527,0.7333333333333333,0.6470588235294117,15.0
0.6363636363636364,0.4666666666666667,0.5384615384615385,15.0
0.6,0.6,0.6,0.6
0.6076555023923444,0.6,0.5927601809954751,30.0
0.6076555023923444,0.6,0.5927601809954751,30.0
