,metrics,values
0,acc_score,0.28888888888888886
1,f1_score,0.2896825396825397
2,precision,0.2921065862242333
3,recall,0.2888888888888889
