f1-score,precision,recall,support
0.33333333333333337,0.4444444444444444,0.26666666666666666,15.0
0.2777777777777778,0.23809523809523808,0.3333333333333333,15.0
0.20000000000000004,0.2,0.2,15.0
0.26666666666666666,0.26666666666666666,0.26666666666666666,0.26666666666666666
0.2703703703703704,0.29417989417989415,0.26666666666666666,45.0
0.27037037037037037,0.29417989417989415,0.26666666666666666,45.0
