f1-score,precision,recall,support
0.4000000000000001,0.4,0.4,15.0
0.3333333333333333,0.3333333333333333,0.3333333333333333,15.0
0.26666666666666666,0.26666666666666666,0.26666666666666666,15.0
0.3333333333333333,0.3333333333333333,0.3333333333333333,0.3333333333333333
0.3333333333333333,0.3333333333333333,0.3333333333333333,45.0
0.3333333333333333,0.3333333333333333,0.3333333333333333,45.0
