,metrics,values
0,acc_score,0.525
1,f1_score,0.5247029393370857
2,precision,0.525062656641604
3,recall,0.525
