,precision,recall,f1-score,support
handwritten,0.26666666666666666,0.26666666666666666,0.26666666666666666,15.0
printed,0.3333333333333333,0.3333333333333333,0.3333333333333333,15.0
random,0.13333333333333333,0.13333333333333333,0.13333333333333333,15.0
accuracy,0.24444444444444444,0.24444444444444444,0.24444444444444444,0.24444444444444444
macro avg,0.24444444444444444,0.24444444444444444,0.24444444444444444,45.0
weighted avg,0.24444444444444444,0.24444444444444444,0.24444444444444444,45.0
