,metrics,values
0,acc_score,0.6
1,f1_score,0.5927601809954751
2,precision,0.6076555023923444
3,recall,0.6
