,metrics,values
0,acc_score,0.23
1,f1_score,0.2303064415259537
2,precision,0.2307268170426065
3,recall,0.22999999999999998
