,precision,recall,f1-score,support
handwritten,0.46153846153846156,0.4,0.42857142857142855,15.0
printed,0.29411764705882354,0.3333333333333333,0.3125,15.0
random,0.4,0.4,0.4000000000000001,15.0
accuracy,0.37777777777777777,0.37777777777777777,0.37777777777777777,0.37777777777777777
macro avg,0.38521870286576165,0.37777777777777777,0.3803571428571429,45.0
weighted avg,0.38521870286576165,0.37777777777777777,0.38035714285714284,45.0
