,metrics,values
0,acc_score,0.19333333333333333
1,f1_score,0.19302028341205893
2,precision,0.19274749721913237
3,recall,0.1933333333333333
