,metrics,values
0,acc_score,0.24444444444444444
1,f1_score,0.24444444444444444
2,precision,0.24444444444444444
3,recall,0.24444444444444444
