val_loss,val_accuracy,loss,accuracy,lr
0.050798967480659485,0.9921875,0.3612483609840274,0.9018750190734863,0.0005000000237487257
0.039394065737724304,0.9945651888847351,0.05727923953905702,0.987500011920929,0.0005000000237487257
0.00833560898900032,1.0,0.040030732927843926,0.9906250238418579,0.0005000000237487257
0.004283827263861895,0.9945651888847351,0.014998779059387743,0.9987499713897705,0.0005000000237487257
0.0027706418186426163,0.9945651888847351,0.017483891304582357,0.9975000023841858,0.0005000000237487257
0.007516765967011452,1.0,0.015423457445576787,0.9956250190734863,0.0005000000237487257
0.004114590119570494,0.9972826242446899,0.007350955686997622,1.0,5.0000002374872565e-05
0.0556306354701519,0.989130437374115,0.010557584668276832,0.996874988079071,5.0000002374872565e-05
