val_loss,val_accuracy,loss,accuracy,lr
1.105676293373108,0.5625,1.1923054158687592,0.5703125,0.0005000000237487257
