,f1-score,precision,recall,support
hand,0.8095238095238095,0.7727272727272727,0.85,20.0
print,0.7894736842105262,0.8333333333333334,0.75,20.0
accuracy,0.8,0.8,0.8,0.8
macro avg,0.7994987468671679,0.803030303030303,0.8,40.0
weighted avg,0.7994987468671678,0.8030303030303031,0.8,40.0
