,f1-score,precision,recall,support
hand,0.4285714285714285,0.75,0.3,20.0
print,0.6923076923076923,0.5625,0.9,20.0
accuracy,0.6,0.6,0.6,0.6
macro avg,0.5604395604395604,0.65625,0.6,40.0
weighted avg,0.5604395604395604,0.65625,0.6,40.0
