val_loss,val_accuracy,loss,accuracy,lr
0.01228076871484518,0.9714285731315613,0.1587443495799097,0.9424460530281067,9.999999747378752e-06
0.01419481448829174,0.9677419066429138,0.10573035549613641,0.9640287756919861,9.999999747378752e-06
0.14462485909461975,1.0,0.05120164237199552,0.9856114983558655,9.999999747378752e-06
0.006952463183552027,1.0,0.04892972233938053,0.9857142567634583,9.999999747378752e-06
0.004291931167244911,0.9677419066429138,0.023925456761903857,1.0,9.999999747378752e-06
