val_loss,val_accuracy,loss,accuracy,lr
0.47122544050216675,0.8857142925262451,0.7606712977448813,0.7122302055358887,0.0010000000474974513
0.4232499599456787,0.9677419066429138,0.4172935237665828,0.8129496574401855,0.0010000000474974513
0.3062988221645355,0.9677419066429138,0.33899893571468565,0.8417266011238098,0.0010000000474974513
0.6393705010414124,0.8387096524238586,0.2421391663818265,0.9064748287200928,0.0010000000474974513
0.12193416059017181,0.774193525314331,0.23794629924642524,0.8992805480957031,0.0010000000474974513
