val_loss,val_accuracy,loss,accuracy,lr
0.15539145469665527,0.949999988079071,0.3532543914331185,0.8351648449897766,9.999999747378752e-06
0.22157183289527893,0.9473684430122375,0.217768340074754,0.9230769276618958,9.999999747378752e-06
0.22845187783241272,0.9473684430122375,0.14837418182900078,0.9473684430122375,9.999999747378752e-06
0.17922373116016388,1.0,0.16667685254701767,0.9425287246704102,9.999999747378752e-06
0.10034686326980591,0.9473684430122375,0.08552998670243792,0.9780219793319702,9.999999747378752e-06
