val_loss,val_accuracy,loss,accuracy,lr
0.024697300046682358,0.949999988079071,0.04610384117313515,0.9906250238418579,9.999999747378752e-06
0.00021280832879710943,0.949999988079071,0.015564474986604182,0.996874988079071,9.999999747378752e-06
0.6500431299209595,0.949999988079071,0.005481055428560921,1.0,9.999999747378752e-06
0.34622496366500854,0.949999988079071,0.004542222084438663,0.996874988079071,9.999999747378752e-06
3.823913721134886e-05,0.949999988079071,0.0005421539157310917,1.0,9.999999747378752e-06
