val_loss,val_accuracy,loss,accuracy,lr
0.42127981781959534,0.8500000238418579,0.34374113372721515,0.8791208863258362,9.999999747378752e-06
0.30892375111579895,0.9473684430122375,0.22292450610752945,0.9230769276618958,9.999999747378752e-06
