val_loss,val_accuracy,loss,accuracy,lr
0.19236159324645996,0.9428571462631226,0.12041614635800607,0.9640287756919861,9.999999747378752e-06
0.037740107625722885,0.9354838728904724,0.07674348832563692,0.9784172773361206,9.999999747378752e-06
0.12808369100093842,1.0,0.05289131715364433,0.9856114983558655,9.999999747378752e-06
0.008624030277132988,1.0,0.020126780387844972,1.0,9.999999747378752e-06
0.1717047393321991,0.8709677457809448,0.024618280791100063,0.9856114983558655,9.999999747378752e-06
