val_loss,val_accuracy,loss,accuracy,lr
1.1078263521194458,0.699999988079071,1.140873639844358,0.543749988079071,0.0010000000474974513
0.26750001311302185,0.8999999761581421,0.45003827288746834,0.862500011920929,0.0010000000474974513
0.4790216088294983,0.762499988079071,0.25711256358772516,0.9312499761581421,0.0010000000474974513
0.6976729035377502,0.762499988079071,0.17556193052587332,0.9468749761581421,0.0010000000474974513
0.519327700138092,0.9375,0.13158431577903684,0.9624999761581421,0.0010000000474974513
