val_loss,val_accuracy,loss,accuracy,lr
0.46206384897232056,1.0,0.7937255249573634,0.6373626589775085,0.0010000000474974513
0.16725434362888336,0.8947368264198303,0.432871088549331,0.791208803653717,0.0010000000474974513
