val_loss,val_accuracy,loss,accuracy,lr
0.24686279892921448,1.0,0.5899071401454569,0.6910569071769714,0.0010000000474974513
0.35536861419677734,0.5925925970077515,0.2732335339959075,0.9105691313743591,0.0010000000474974513
0.054427362978458405,0.9259259104728699,0.17822128973477255,0.9512194991111755,0.0010000000474974513
0.08535169810056686,1.0,0.13128074537962675,0.9599999785423279,0.0010000000474974513
0.03510440140962601,1.0,0.12853511286637753,0.9504132270812988,0.0010000000474974513
