val_loss,val_accuracy,loss,accuracy,lr
0.35136622190475464,0.8571428656578064,0.7904961552980135,0.6906474828720093,0.0010000000474974513
0.3560551404953003,0.8064516186714172,0.42016769581132657,0.7913669347763062,0.0010000000474974513
0.3178003430366516,0.9677419066429138,0.2927293090297164,0.8776978254318237,0.0010000000474974513
0.05601660534739494,1.0,0.295494910356381,0.8561151027679443,0.0010000000474974513
0.09639797359704971,0.9677419066429138,0.243735176710678,0.8785714507102966,0.0010000000474974513
