val_loss,val_accuracy,loss,accuracy,lr
0.4947071969509125,0.9714285731315613,0.21106305846395038,0.9208633303642273,9.999999747378752e-06
0.026115640997886658,0.9677419066429138,0.14080616882030697,0.9568345546722412,9.999999747378752e-06
0.06059012562036514,0.9354838728904724,0.07884610845647055,0.9784172773361206,9.999999747378752e-06
0.08659835904836655,0.9032257795333862,0.10710199388069026,0.9784172773361206,9.999999747378752e-06
0.49252933263778687,0.9677419066429138,0.04413481496825455,0.9856114983558655,9.999999747378752e-06
