val_loss,val_accuracy,loss,accuracy,lr
0.2919604182243347,0.949999988079071,0.7400671164249326,0.7032967209815979,0.0010000000474974513
0.3815298080444336,0.9473684430122375,0.4781435470987152,0.7692307829856873,0.0010000000474974513
0.2849982976913452,0.9473684430122375,0.3955525619970573,0.8351648449897766,0.0010000000474974513
0.33223605155944824,0.8947368264198303,0.38307749989785644,0.8105263113975525,0.0010000000474974513
0.32546862959861755,0.9473684430122375,0.35044899075452624,0.8505747318267822,0.0010000000474974513
