val_loss,val_accuracy,loss,accuracy,lr
0.770388662815094,0.6857143044471741,0.8057289810167799,0.6474820375442505,0.0010000000474974513
0.06255035847425461,0.8709677457809448,0.3925743899542651,0.8201438784599304,0.0010000000474974513
0.11024178564548492,0.9677419066429138,0.3713152381397194,0.8489208817481995,0.0010000000474974513
0.07778163999319077,1.0,0.23466884494229828,0.8992805480957031,0.0010000000474974513
0.12997108697891235,0.9677419066429138,0.26308580598519216,0.8633093237876892,0.0010000000474974513
