val_loss,val_accuracy,loss,accuracy,lr
0.17166778445243835,0.8285714387893677,0.747185992036792,0.6618704795837402,0.0010000000474974513
0.16819040477275848,0.9354838728904724,0.3626984594215592,0.8489208817481995,0.0010000000474974513
0.27982276678085327,0.9354838728904724,0.2852780189391949,0.8705036044120789,0.0010000000474974513
0.011411892250180244,0.8709677457809448,0.22825156046385817,0.9424460530281067,0.0010000000474974513
0.031196728348731995,0.8387096524238586,0.23382671548241227,0.8848921060562134,0.0010000000474974513
