val_loss,val_accuracy,loss,accuracy,lr
0.24749788641929626,0.9666666388511658,0.2213233909228953,0.9756097793579102,9.999999974752427e-07
0.21616491675376892,0.9629629850387573,0.179704857005821,0.9756097793579102,9.999999974752427e-07
0.25544360280036926,0.9629629850387573,0.16987250551460234,0.9837398529052734,9.999999974752427e-07
0.2977655529975891,0.9629629850387573,0.152019200619401,0.9837398529052734,9.999999974752427e-07
0.11804765462875366,1.0,0.13191331311212323,0.9918699264526367,9.999999974752427e-07
