val_loss,val_accuracy,loss,accuracy,lr
0.08669035881757736,0.9714285731315613,0.2244368490072892,0.8992805480957031,9.999999747378752e-06
0.3650522828102112,0.9677419066429138,0.11516874840335665,0.9640287756919861,9.999999747378752e-06
0.04909304529428482,0.9677419066429138,0.06540952926742838,0.9928057789802551,9.999999747378752e-06
0.011759357526898384,0.9677419066429138,0.06854378410594926,0.9856114983558655,9.999999747378752e-06
0.04045809432864189,0.9677419066429138,0.029255062623934406,0.9928057789802551,9.999999747378752e-06
